gender,SeniorCitizen,tenure,PhoneService,InternetService,Contract,PaperlessBilling,PaymentMethod,MonthlyCharges,TotalCharges,Churn
Male,0,21,yes,Fiber optic,Month-to-month,no,Credit card,29.73,600.01,yes
Male,0,55,yes,Fiber optic,Two year,yes,Bank transfer,46.32,2515.48,no
Female,1,46,yes,Fiber optic,Month-to-month,no,Mailed check,87.06,4153.97,yes
Female,1,63,yes,Fiber optic,Month-to-month,yes,Mailed check,56.97,3641.3,yes
Female,0,8,yes,DSL,month to month,no,Electronic check,39.69,309.79,yes
Male,0,51,yes,Fiber optic,Month-to-month,yes,Mailed check,67.12,3591.46,yes
Male,0,5,yes,DSL,Month-to-month,yes,Mailed check,57.59,291.98,yes
Male,0,61,yes,DSL,One year,yes,Mailed check,105.22,6547.31,no
Female,0,41,yes,DSL,Month-to-month,yes,Electronic check,41.74,1760.03,no
Female,0,19,yes,No,One year,yes,Electronic check,57.72,1149.78,no
Male,0,13,yes,Fiber optic,Month-to-month,no,Mailed check,66.97,878.77,yes
Female,0,30,yes,DSL,Two year,yes,Electronic check,23.2,668.6,no
Female,0,7,yes,No,month to month,yes,Mailed check,31.57,227.07,yes
Female,0,41,yes,Fiber optic,Month-to-month,yes,Mailed check,76.47,2338.650806,yes
Male,1,18,no,DSL,Month-to-month,no,Electronic check,97.42,1763.21,yes
Female,1,43,yes,fiberoptic,One year,no,Electronic check,24.72,1027.74,no
Female,1,10,yes,Fiber optic,Month-to-month,no,Electronic check,45.39,451.97,yes
Male,0,8,yes,No,Two year,yes,Electronic check,43.27,331.4,no
Female,0,38,yes,Fiber optic,Two year,no,Mailed check,91.43,3438.64,no
Male,0,57,yes,No,Month-to-month,yes,Credit card,32.31,1764.75,yes
Male,0,60,yes,DSL,monthly,yes,Bank transfer,85.81,2338.650806,yes
Male,0,55,yes,DSL,Two year,yes,Bank transfer,20.26,1156.29,no
Male,0,39,yes,No,Month-to-month,yes,Credit card,106.03,4177.57,no
Male,0,19,no,DSL,Two year,yes,Bank transfer,42.25,779.98,no
Female,0,27,yes,No,1 year,no,Credit card,92.97,2445.32,no
Male,0,3,yes,Fiber optic,1 year,yes,Bank transfer,43.72,128.22,no
Female,0,17,yes,Fiber optic,One year,yes,Bank transfer,33.22,562.84,no
Male,1,34,yes,DSL,Month-to-month,no,Electronic check,100.29,3439.15,no
Male,0,47,yes,DSL,Month-to-month,yes,Credit card,88.76,3964.26,no
Male,0,51,yes,Fiber optic,month to month,yes,Credit card,85.06,4475.06,no
Female,0,64,yes,DSL,Month-to-month,yes,Mailed check,90.5,5519.97,yes
Female,0,37,yes,Fiber optic,Two year,no,Credit card,33.93,1211.79,no
Male,1,49,yes,DSL,Month-to-month,yes,Mailed check,34.68,1681.06,yes
Male,1,41,yes,No,2 year,no,Mailed check,82.84,3410.42,yes
Male,0,2,yes,DSL,Month-to-month,no,Bank transfer,91.08,191.03,no
Male,0,41,yes,Fiber optic,Two year,no,Bank transfer,74.72,3013.27,no
Female,1,4,yes,DSL,Two year,no,Electronic check,45.26,184.43,no
Male,1,62,yes,Fiber optic,One year,yes,Electronic check,48.19,2867.83,no
Male,0,61,yes,Fiber optic,Two year,no,Credit card,29.7,2338.650806,no
Male,0,9,no,Fiber optic,Two year,yes,Mailed check,25.97,223.55,no
Male,0,56,no,No,Month-to-month,yes,Mailed check,57.39,2338.650806,no
Female,0,51,yes,No,Month-to-month,no,Electronic check,68.43,2338.650806,yes
Male,1,57,yes,No,Month-to-month,no,Bank transfer,87.34,5134.85,yes
Female,0,63,yes,fibre optic,Two year,yes,Bank transfer,89.89,5588.37,no
Female,1,41,yes,No,Month-to-month,no,Mailed check,23.03,957.89,yes
Male,0,63,yes,Fiber optic,month to month,yes,Electronic check,99.57,6560.55,no
Female,0,16,yes,DSL,One year,yes,Electronic check,94.96,1507.47,yes
Female,0,70,yes,Fiber optic,Month-to-month,yes,Credit card,76.76,5549.35,yes
Male,0,28,yes,DSL,Month-to-month,yes,Mailed check,107.97,3125.56,no
Male,0,8,yes,Fiber optic,Month-to-month,no,Electronic check,44.12,360.48,yes
Male,0,48,yes,Fiber optic,Two year,no,Mailed check,83.27,4194.59,no
Female,1,33,yes,DSL,Month-to-month,no,Electronic check,93.39,3136.56,no
Female,0,10,yes,DSL,One year,yes,Mailed check,41.97,413.02,no
Female,0,2,yes,DSL,Month-to-month,no,Electronic check,52.93,2338.650806,no
Female,1,43,yes,DSL,One year,yes,Bank transfer,74.56,3049,no
Female,0,65,yes,DSL,One year,no,Credit card,31.24,2108.62,no
Female,1,18,yes,DSL,One year,yes,Electronic check,49.11,902.72,no
Male,0,53,yes,DSL,Month-to-month,yes,Credit card,69.13,3718.68,yes
Female,0,52,yes,DSL,One year,yes,Mailed check,63.45,3257.67,no
Female,0,28,no,No,month to month,no,Electronic check,48.31,1399.11,yes
Female,0,71,yes,DSL,Month-to-month,no,Bank transfer,30.87,2218.5,yes
Male,0,46,yes,Fiber optic,Month-to-month,yes,Bank transfer,68.43,3074.46,yes
Female,0,40,no,No,One year,no,Electronic check,52.53,2152.86,yes
Female,0,17,yes,No,One year,yes,Electronic check,76.74,1319.73,no
Male,0,22,yes,Fiber optic,Month-to-month,yes,Credit card,59.96,1368.16,yes
Male,0,60,yes,DSL,Month-to-month,yes,Bank transfer,90.83,5275.1,no
Male,0,26,yes,DSL,Month-to-month,yes,Bank transfer,84.47,2131.49,no
Female,0,6,yes,Fiber optic,Month-to-month,yes,Electronic check,34.2,197.73,no
Female,0,58,yes,No,Month-to-month,no,Electronic check,77.92,4625.56,no
Female,0,49,yes,Fiber optic,1 year,yes,Bank transfer,25.81,2338.650806,no
Female,1,17,yes,Fiber optic,Two year,yes,Electronic check,38.86,648.36,no
Male,1,71,yes,No,Month-to-month,no,Electronic check,85.92,5812.29,yes
Female,1,69,yes,DSL,Two year,yes,Credit card,32.33,2221.55,yes
Female,0,12,yes,No,One year,no,Electronic check,85.49,991.47,no
Female,0,40,yes,DSL,Two year,no,Credit card,47.95,1974.76,no
Female,0,14,yes,DSL,One year,no,Mailed check,44.77,606.39,no
Female,0,28,yes,Fiber optic,One year,no,Electronic check,102.34,2770.45,no
Female,0,15,yes,No,Month-to-month,yes,Credit card,92.58,1436.2,no
Male,0,17,yes,DSL,Month-to-month,no,Electronic check,46.91,820.38,yes
Female,0,53,yes,No,Month-to-month,no,Electronic check,30.21,1604.28,yes
Female,0,60,yes,DSL,Two year,no,Bank transfer,22.2,1279.97,no
Female,0,63,yes,DSL,2 year,yes,Electronic check,96.53,6265.33,yes
Male,0,64,yes,No,Month-to-month,yes,Electronic check,106.82,7016.28,yes
Male,0,16,yes,No,month to month,no,Credit card,27.11,2338.650806,no
Female,0,48,yes,Fiber optic,Month-to-month,yes,Credit card,29.5,1435.94,no
Female,0,48,yes,No,Month-to-month,yes,Electronic check,91.45,4280.12,yes
Female,0,65,yes,Fiber optic,One year,yes,Electronic check,91.16,6020.1,yes
Male,0,41,yes,Fiber optic,Two year,yes,Electronic check,76.57,3248.43,no
Female,0,47,yes,fibre optic,Month-to-month,yes,Electronic check,20.53,936.63,no
Male,0,21,yes,DSL,One year,no,Mailed check,36.49,800.13,no
Female,1,38,yes,DSL,Two year,yes,Electronic check,64.07,2513.11,no
Female,0,67,yes,DSL,Month-to-month,yes,Mailed check,25.48,1669.43,no
Male,0,55,yes,No,Two year,no,Credit card,65.03,3731.89,no
Male,0,40,yes,DSL,One year,yes,Credit card,94.38,3916.82,no
Male,0,22,yes,Fiber optic,Month-to-month,yes,Electronic check,88.2,2004.13,no
Female,0,38,yes,DSL,month to month,no,Bank transfer,102.24,3701.2,yes
Female,0,1,yes,DSL,Month-to-month,no,Mailed check,57.42,59.45,no
Female,0,26,yes,Fiber optic,Month-to-month,no,Bank transfer,25.66,663.37,yes
Male,0,23,yes,No,One year,yes,Electronic check,33.84,778.03,no
Male,0,45,no,No,Month-to-month,no,Mailed check,92.27,2338.650806,yes
Male,1,32,no,Fiber optic,Month-to-month,yes,Mailed check,65.92,2070.11,yes
Female,0,33,yes,DSL,Month-to-month,no,Bank transfer,108.65,3607.91,no
Female,0,1,yes,DSL,One year,yes,Electronic check,30.47,29.02,no
Female,0,39,yes,Fiber optic,Month-to-month,yes,Bank transfer,49.53,1837.95,yes
Male,0,34,yes,fibre optic,Two year,no,Bank transfer,56.7,1892.71,no
Male,0,28,yes,No,One year,no,Bank transfer,48.26,1351.51,no
Female,0,31,yes,DSL,monthly,yes,Credit card,54.08,1625.04,yes
Female,1,61,yes,Fiber optic,Month-to-month,no,Bank transfer,92.52,5637.98,yes
Female,0,13,yes,fiberoptic,Month-to-month,yes,Mailed check,71.93,909.44,yes
Male,0,27,yes,DSL,Two year,yes,Credit card,25.68,694.95,no
Female,1,28,yes,DSL,Two year,yes,Credit card,40.77,1139.39,no
Male,1,9,yes,Fiber optic,Month-to-month,yes,Bank transfer,44.42,400.48,yes
Female,0,17,yes,Fiber optic,monthly,no,Credit card,26.46,447.85,no
Female,1,55,yes,DSL,Two year,no,Mailed check,94.3,5132.29,no
Male,0,47,yes,Fiber optic,Month-to-month,no,Electronic check,88.31,4063.61,yes
Male,0,21,yes,Fiber optic,Month-to-month,yes,Credit card,56.83,1242.47,yes
Male,0,20,yes,DSL,Month-to-month,yes,Electronic check,50.13,983.63,yes
Male,0,63,yes,No,Two year,yes,Credit card,38.98,2351.21,no
Female,0,26,yes,Fiber optic,Month-to-month,no,Bank transfer,86.56,2338.650806,yes
Female,0,35,no,Fiber optic,Month-to-month,yes,Credit card,21.83,727.86,no
Female,0,13,yes,DSL,month to month,no,Electronic check,103.43,1409.19,no
Male,0,19,yes,Fiber optic,1 year,yes,Electronic check,22.08,435,no
Female,1,37,yes,Fiber optic,Month-to-month,yes,Mailed check,52.06,1967.47,no
Male,0,10,yes,Fiber optic,2 year,yes,Bank transfer,67.3,700.19,no
Female,0,14,yes,DSL,Two year,yes,Bank transfer,81.63,1116.03,no
Male,0,42,yes,Fiber optic,Month-to-month,no,Bank transfer,72.84,2338.650806,no
Male,0,54,yes,fibre optic,Two year,yes,Bank transfer,77.6,4279.56,no
Female,0,38,yes,Fiber optic,Two year,yes,Electronic check,38.42,1420.09,no
Female,0,8,yes,Fiber optic,Month-to-month,yes,Bank transfer,51.32,411.1,no
Female,0,62,yes,DSL,Month-to-month,yes,Electronic check,23.33,1400.93,yes
Female,0,9,yes,No,Month-to-month,yes,Electronic check,69.81,628.78,no
Male,0,24,yes,Fiber optic,Month-to-month,no,Credit card,106.5,2452.89,no
Female,1,28,yes,DSL,Month-to-month,yes,Electronic check,88.46,2519.07,no
Female,0,70,yes,Fiber optic,Two year,yes,Electronic check,33.06,2385.97,no
Female,1,3,yes,DSL,Month-to-month,yes,Bank transfer,80.66,2338.650806,yes
Male,0,66,no,Fiber optic,Month-to-month,no,Electronic check,71.03,2338.650806,yes
Female,0,42,yes,Fiber optic,1 year,yes,Bank transfer,81.18,3245.74,no
Male,0,63,yes,DSL,Month-to-month,no,Electronic check,72.78,4443.93,no
Female,0,8,yes,DSL,Two year,no,Electronic check,87.13,720.33,no
Male,1,33,yes,No,One year,yes,Electronic check,107.97,3423.09,no
Female,0,20,yes,fiberoptic,Month-to-month,no,Mailed check,104.4,2029.32,no
Female,0,67,yes,Fiber optic,Month-to-month,no,Credit card,107.11,7398.14,yes
Female,0,38,yes,Fiber optic,Month-to-month,yes,Electronic check,29.98,1181.99,no
Female,0,8,yes,DSL,Two year,yes,Electronic check,35.14,279.75,no
Male,0,31,yes,Fiber optic,One year,yes,Mailed check,79.34,2398.61,no
Male,0,32,yes,Fiber optic,Month-to-month,yes,Electronic check,25.33,798.88,no
Female,0,20,yes,No,Month-to-month,yes,Mailed check,90.5,1740.92,no
Male,0,67,yes,Fiber optic,Month-to-month,no,Electronic check,83.07,5576.06,yes
Male,0,42,no,Fiber optic,month to month,no,Electronic check,67.03,2786.08,yes
Male,0,29,yes,fibre optic,Two year,no,Electronic check,86.31,2434.07,no
Female,0,35,yes,No,Month-to-month,yes,Electronic check,29.55,1015.44,no
Female,1,13,yes,No,Month-to-month,yes,Credit card,99.15,1287.69,yes
Male,0,71,yes,Fiber optic,Month-to-month,no,Bank transfer,100.88,7313.2,no
Female,0,37,yes,Fiber optic,One year,yes,Bank transfer,27.78,1055.09,no
Female,0,69,yes,No,Month-to-month,yes,Mailed check,60.88,4158.85,yes
Male,0,8,yes,No,One year,yes,Electronic check,89.12,713.77,no
Female,0,13,yes,Fiber optic,Month-to-month,no,Mailed check,103.59,1364.79,yes
Female,0,28,yes,DSL,monthly,no,Credit card,108.06,2338.650806,no
Male,0,69,yes,No,Two year,no,Bank transfer,38.92,2619.63,no
Female,0,44,yes,DSL,Month-to-month,yes,Mailed check,75.39,3403.31,no
Male,0,58,yes,No,Two year,yes,Electronic check,49.64,2338.650806,no
Male,0,30,yes,Fiber optic,One year,yes,Bank transfer,34.45,987.69,no
Female,0,11,yes,Fiber optic,Month-to-month,yes,Bank transfer,106.61,1179.84,yes
Female,0,59,yes,Fiber optic,Month-to-month,yes,Bank transfer,58.51,3555.54,no
Female,0,32,yes,Fiber optic,One year,no,Electronic check,96.5,3193.46,no
Male,0,35,yes,DSL,Month-to-month,yes,Mailed check,107.14,3782.72,yes
Female,1,36,yes,No,Two year,yes,Electronic check,105.12,3937.28,no
Male,0,61,yes,Fiber optic,Month-to-month,yes,Credit card,92.39,5654.23,yes
Male,0,65,yes,Fiber optic,One year,no,Electronic check,63.27,2338.650806,no
Female,0,8,yes,Fiber optic,Month-to-month,yes,Electronic check,102.34,2338.650806,yes
Male,0,31,yes,DSL,Month-to-month,yes,Electronic check,22.03,698.3,no
Female,1,39,yes,DSL,Month-to-month,yes,Bank transfer,60.79,2285.26,no
Male,0,27,yes,DSL,Two year,no,Mailed check,62.85,1719.47,no
Male,0,56,yes,No,Month-to-month,yes,Credit card,64.75,3807.12,no
Male,0,9,yes,Fiber optic,One year,yes,Credit card,83.48,756.04,yes
Male,0,51,no,DSL,One year,yes,Mailed check,96.17,2338.650806,no
Male,0,26,no,DSL,Month-to-month,yes,Credit card,91.93,2341.44,yes
Male,0,15,yes,Fiber optic,Month-to-month,no,Mailed check,69.18,1008.36,yes
Female,0,13,yes,Fiber optic,Month-to-month,yes,Credit card,71.99,960.6,yes
Male,1,46,yes,No,One year,no,Mailed check,42.43,1911.06,no
Female,1,59,no,DSL,Month-to-month,yes,Mailed check,60.32,3562.46,no
Male,0,52,no,Fiber optic,2 year,yes,Electronic check,40.14,2020.74,no
Male,0,47,yes,DSL,Month-to-month,no,Electronic check,101.88,4836.89,no
Male,0,67,yes,Fiber optic,Month-to-month,yes,Electronic check,54.69,3691.66,yes
Female,0,37,yes,DSL,Month-to-month,yes,Bank transfer,45.61,1725.05,no
Female,0,57,yes,Fiber optic,Month-to-month,no,Mailed check,34.28,2338.650806,yes
Female,0,55,yes,Fiber optic,Two year,no,Credit card,93.53,4995.17,no
Female,0,22,yes,Fiber optic,One year,no,Mailed check,57.81,1269.7,no
Female,1,44,yes,DSL,Two year,yes,Bank transfer,21.76,936.09,no
Female,0,56,yes,fibre optic,Month-to-month,no,Electronic check,103.45,5986.1,yes
Female,0,16,yes,DSL,Month-to-month,yes,Electronic check,39.22,628,no
Female,0,17,yes,No,One year,yes,Bank transfer,106.06,1725.58,no
Male,0,38,yes,Fiber optic,Month-to-month,no,Electronic check,28.4,1087.15,no
Female,0,13,no,DSL,Month-to-month,yes,Mailed check,109.74,1362.8,no
Female,0,10,yes,Fiber optic,One year,no,Mailed check,22.29,220.51,no
Male,0,19,yes,No,Two year,no,Electronic check,94.94,1829.79,no
Male,0,47,no,Fiber optic,month to month,no,Bank transfer,106.76,5185.97,yes
Male,0,45,yes,No,Month-to-month,no,Bank transfer,29.71,1366.25,yes
Male,0,15,yes,Fiber optic,Month-to-month,yes,Mailed check,91.41,1359.96,no
Male,0,9,yes,Fiber optic,Month-to-month,yes,Electronic check,105.9,923.4,yes
Female,0,11,yes,DSL,Month-to-month,no,Bank transfer,34.72,379.31,yes
Female,0,19,yes,No,Month-to-month,no,Bank transfer,87.26,1639.01,no
Male,0,44,yes,Fiber optic,One year,no,Electronic check,76.11,3294.19,yes
Male,0,54,yes,Fiber optic,Month-to-month,yes,Credit card,37.72,2004.6,yes
Male,1,31,yes,No,Month-to-month,yes,Bank transfer,70.67,2222,yes
Male,0,66,yes,DSL,One year,no,Electronic check,103.06,6503.79,no
Male,0,20,yes,DSL,Month-to-month,no,Credit card,81.95,1644.18,no
Male,0,37,yes,No,Two year,yes,Mailed check,62.55,2338.39,no
Female,0,46,yes,DSL,monthly,yes,Mailed check,32.07,1539.34,no
Male,0,58,yes,DSL,Month-to-month,no,Mailed check,109.84,6489.59,yes
Male,0,32,yes,DSL,2 year,yes,Bank transfer,43.13,1419.67,no
Female,0,24,no,No,monthly,yes,Electronic check,78.37,1864.45,yes
Female,0,47,yes,DSL,Month-to-month,yes,Electronic check,78.72,3883.79,no
Male,0,42,yes,No,Month-to-month,no,Electronic check,61.36,2519.05,no
Female,0,58,yes,DSL,Month-to-month,yes,Mailed check,41.43,2349.14,no
Male,0,26,yes,Fiber optic,Month-to-month,no,Bank transfer,48.14,1231.27,no
Female,0,39,yes,DSL,month to month,yes,Mailed check,90.63,3631.23,no
Male,0,30,yes,DSL,One year,no,Electronic check,25.35,725.63,no
Male,0,21,no,Fiber optic,One year,yes,Bank transfer,102.51,2082.07,no
Female,0,59,yes,No,One year,no,Credit card,20.48,1197.99,no
Male,1,57,yes,DSL,Month-to-month,no,Electronic check,101.33,6009.5,no
Female,0,49,yes,Fiber optic,Month-to-month,no,Mailed check,59.85,3019.9,no
Male,0,53,yes,No,One year,no,Bank transfer,23.26,1175.01,no
Male,0,18,yes,No,Month-to-month,no,Bank transfer,29.53,505.72,yes
Female,0,19,yes,fiberoptic,Month-to-month,no,Bank transfer,22.6,449.19,yes
Female,0,41,yes,Fiber optic,Month-to-month,no,Mailed check,37.27,1539.7,no
Female,1,59,yes,No,Month-to-month,yes,Electronic check,46.23,2772.52,yes
Male,0,56,yes,DSL,Two year,no,Bank transfer,48.49,2338.650806,no
Male,0,45,yes,Fiber optic,One year,no,Mailed check,95.77,4251.21,yes
Male,0,34,yes,DSL,Month-to-month,yes,Mailed check,75.97,2546.17,no
Female,0,68,yes,Fiber optic,One year,no,Credit card,25.64,1694.64,no
Female,0,6,yes,DSL,Month-to-month,yes,Mailed check,60.25,359.9,yes
Male,0,8,yes,fibre optic,1 year,yes,Mailed check,90.31,690.91,no
Female,0,47,yes,Fiber optic,Month-to-month,no,Mailed check,70.49,2338.650806,yes
Female,0,19,yes,DSL,Month-to-month,yes,Mailed check,23.65,2338.650806,yes
Male,0,8,yes,Fiber optic,Month-to-month,yes,Credit card,27.78,225.3,yes
Female,0,39,yes,DSL,One year,yes,Credit card,101.3,3993.88,yes
Male,1,40,yes,Fiber optic,Month-to-month,no,Bank transfer,21.7,858.8,no
Male,0,12,yes,Fiber optic,One year,yes,Bank transfer,62.08,2338.650806,no
Male,0,14,yes,DSL,Month-to-month,yes,Electronic check,27.59,393.15,no
Female,0,32,yes,No,Two year,yes,Electronic check,47.79,1476.56,no
Female,0,19,yes,DSL,One year,no,Credit card,103.48,2338.650806,no
Male,0,54,no,DSL,One year,yes,Bank transfer,82.82,4527.57,no
Female,0,11,yes,DSL,Month-to-month,yes,Electronic check,24.16,261.89,no
Female,0,43,yes,No,Month-to-month,yes,Bank transfer,86.84,3602.23,no
Male,0,67,yes,DSL,Month-to-month,yes,Mailed check,82.01,2338.650806,no
Male,0,16,yes,fibre optic,Month-to-month,yes,Bank transfer,83.7,1312.17,no
Male,0,24,yes,DSL,Month-to-month,yes,Mailed check,73.45,1765.13,no
Female,1,12,no,Fiber optic,Two year,no,Bank transfer,74.77,902.51,no
Male,0,23,yes,DSL,Two year,no,Credit card,49.08,1151.64,no
Female,0,56,yes,DSL,Month-to-month,yes,Electronic check,70.97,3830.36,yes
Female,0,59,yes,DSL,One year,yes,Credit card,65.83,3916.82,no
Male,0,68,yes,DSL,Two year,yes,Credit card,75.74,5029.75,no
Female,0,30,yes,DSL,Month-to-month,no,Bank transfer,83.59,2460.15,no
Female,0,46,yes,nan,One year,no,Electronic check,83.43,3850.6,no
Female,0,67,yes,No,Two year,no,Electronic check,36.62,2482.05,no
Male,1,4,yes,DSL,One year,yes,Electronic check,88.79,345.82,no
Male,0,65,no,Fiber optic,One year,no,Credit card,50.18,3113,no
Female,0,2,yes,fibre optic,Month-to-month,no,Credit card,93.9,185.97,no
Female,0,3,yes,DSL,Month-to-month,no,Bank transfer,66.88,199.53,yes
Male,0,64,yes,nan,Month-to-month,no,Bank transfer,56.37,3557.13,yes
Male,0,49,yes,Fiber optic,Month-to-month,yes,Electronic check,73.7,3714.7,no
Female,0,45,yes,DSL,Month-to-month,yes,Credit card,55.92,2627.68,yes
Female,0,64,yes,Fiber optic,Month-to-month,yes,Electronic check,52.39,3335.52,yes
Female,1,70,yes,DSL,Month-to-month,yes,Electronic check,60.31,2338.650806,yes
Female,0,60,yes,Fiber optic,Month-to-month,no,Electronic check,34.65,2027.89,no
Female,0,15,yes,Fiber optic,Two year,no,Electronic check,41.06,2338.650806,no
Male,0,17,yes,Fiber optic,Two year,yes,Bank transfer,105.97,1872.93,no
Male,1,45,yes,DSL,month to month,yes,Bank transfer,101.06,4606.42,yes
Female,0,11,yes,No,Month-to-month,no,Credit card,52.07,572.09,no
Male,0,63,yes,Fiber optic,Month-to-month,yes,Mailed check,95.5,6130.37,yes
Female,0,46,yes,fibre optic,One year,yes,Credit card,42.28,1997.7,no
Male,0,22,yes,Fiber optic,Month-to-month,no,Credit card,45.35,990.57,no
Male,0,18,yes,DSL,Month-to-month,yes,Electronic check,80.37,1501.5,no
Male,0,40,yes,No,One year,yes,Electronic check,86.63,3486.86,no
Female,0,44,yes,Fiber optic,Two year,yes,Credit card,51.61,2181.5,no
Female,0,37,yes,No,Two year,yes,Mailed check,90.6,3409.82,no
Female,0,32,yes,DSL,month to month,no,Bank transfer,22.85,748.3,no
Male,0,47,yes,DSL,Two year,no,Electronic check,20.89,1013.71,no
Male,0,51,yes,No,One year,no,Bank transfer,90.55,4694.48,no
Female,0,54,yes,fibre optic,One year,yes,Credit card,78.99,4358.79,yes
Male,0,21,yes,fibre optic,One year,no,Bank transfer,94.92,1896.16,no
Female,1,51,no,DSL,Month-to-month,yes,Bank transfer,24.42,1198.9,yes
Female,0,11,yes,DSL,Month-to-month,yes,Mailed check,58.15,626.67,no
Female,1,70,yes,No,Month-to-month,yes,Electronic check,100.69,2338.650806,no
Male,0,26,yes,Fiber optic,Month-to-month,yes,Credit card,29.2,752.9,no
Male,0,27,yes,Fiber optic,Two year,yes,Electronic check,20.74,565.78,no
Male,0,56,yes,DSL,Month-to-month,yes,Electronic check,108.08,5899.33,yes
Male,0,21,yes,Fiber optic,Month-to-month,no,Electronic check,84.15,1842.19,no
Male,0,32,yes,nan,One year,no,Electronic check,70.28,2176.6,no
Male,0,53,yes,Fiber optic,month to month,no,Credit card,102.22,5208.81,no
Male,0,48,yes,Fiber optic,2 year,yes,Bank transfer,30.22,1378.2,no
Male,1,45,yes,No,One year,no,Credit card,49.49,2174.17,no
Male,0,30,yes,Fiber optic,One year,yes,Electronic check,104.7,3037.14,no
Male,0,24,yes,DSL,Two year,yes,Bank transfer,29.94,694.14,no
Female,0,27,no,No,Month-to-month,yes,Credit card,73.13,1945.96,yes
Male,0,2,yes,No,Two year,no,Electronic check,57.63,117.2,no
Female,0,5,no,DSL,monthly,no,Mailed check,62.59,303.97,yes
Male,0,47,yes,Fiber optic,Two year,no,Mailed check,52.51,2587.73,no
Female,1,14,no,No,Month-to-month,yes,Electronic check,48.15,667.5,no
Female,0,2,yes,DSL,Two year,no,Credit card,74.79,2338.650806,no
Female,0,45,yes,Fiber optic,Month-to-month,yes,Mailed check,72.97,3443.62,yes
Female,0,14,yes,fibre optic,Two year,no,Electronic check,92.66,1300.18,no
Male,1,26,yes,Fiber optic,Month-to-month,yes,Credit card,74.37,2338.650806,yes
Male,1,69,no,DSL,Two year,no,Credit card,44.21,2338.650806,no
Female,0,4,yes,No,Month-to-month,yes,Electronic check,32.17,128.29,yes
Female,0,28,yes,No,1 year,yes,Bank transfer,54.04,1438.7,no
Female,0,37,yes,Fiber optic,Month-to-month,no,Electronic check,34.94,1246.44,yes
Female,0,54,yes,DSL,Month-to-month,no,Bank transfer,106.89,5819.5,yes
Male,0,9,yes,No,Month-to-month,yes,Electronic check,50.28,435,no
Female,0,38,yes,Fiber optic,Month-to-month,yes,Credit card,77.49,2932.15,no
Male,1,45,no,DSL,Month-to-month,no,Credit card,79.52,3697.29,yes
Male,0,47,yes,No,monthly,yes,Electronic check,86.51,2338.650806,yes
Female,0,58,yes,No,Month-to-month,yes,Electronic check,39.32,2280.55,yes
Male,0,7,yes,DSL,Month-to-month,no,Mailed check,63.36,439.05,no
Female,0,59,yes,Fiber optic,One year,no,Electronic check,78.57,4775.94,no
Male,0,25,yes,DSL,month to month,no,Electronic check,89.39,2213.38,no
Female,0,47,yes,DSL,One year,yes,Mailed check,91.98,4454.03,no
Male,0,45,yes,fibre optic,Month-to-month,no,Credit card,81.7,3735.98,yes
Male,0,66,yes,Fiber optic,One year,no,Mailed check,93.41,6052.96,no
Female,0,35,yes,Fiber optic,Two year,yes,Electronic check,31.04,1134.66,no
Male,0,1,yes,DSL,Month-to-month,yes,Bank transfer,66.99,69.77,yes
Male,0,25,yes,Fiber optic,month to month,yes,Electronic check,109.35,2664.99,yes
Male,0,29,no,Fiber optic,Month-to-month,no,Electronic check,85.4,2545.71,no
Female,0,13,no,DSL,Month-to-month,yes,Mailed check,68.08,876.01,yes
Male,1,25,yes,DSL,Month-to-month,no,Electronic check,44.35,1094.62,no
Male,1,60,yes,Fiber optic,Month-to-month,yes,Mailed check,38.07,2246.53,yes
Male,0,48,yes,DSL,Month-to-month,no,Mailed check,41.68,2072.19,no
Female,0,1,yes,Fiber optic,One year,yes,Credit card,84.45,86.28,no
Female,0,48,yes,Fiber optic,Month-to-month,no,Mailed check,84.98,4011.13,yes
Male,0,41,yes,Fiber optic,One year,no,Credit card,32.98,2338.650806,yes
Male,0,15,yes,DSL,One year,no,Electronic check,98.15,1405.67,no
Male,0,19,yes,DSL,Two year,yes,Electronic check,38.56,2338.650806,no
Male,0,29,yes,fibre optic,Month-to-month,yes,Electronic check,49.73,1512.01,no
Male,0,7,yes,DSL,Month-to-month,yes,Electronic check,98.07,709.28,no
Male,0,4,yes,DSL,Month-to-month,no,Bank transfer,91.45,368.01,no
Male,0,16,yes,No,Month-to-month,no,Credit card,30.53,495.67,yes
Male,0,55,yes,No,One year,yes,Mailed check,52.1,2338.650806,no
Male,0,11,yes,DSL,One year,no,Bank transfer,60.9,643.19,yes
Female,0,56,yes,No,One year,no,Electronic check,71.82,3959.12,no
Male,0,66,yes,DSL,1 year,yes,Mailed check,102.05,6964.14,no
Female,0,57,yes,DSL,Month-to-month,no,Bank transfer,60.21,3594.88,no
Male,0,10,yes,Fiber optic,Month-to-month,no,Credit card,80.94,821.18,no
Female,0,28,yes,DSL,Month-to-month,yes,Mailed check,89.99,2338.650806,yes
Male,1,60,yes,No,Month-to-month,yes,Electronic check,35.47,2223.44,yes
Male,1,57,yes,Fiber optic,Two year,yes,Mailed check,35.04,2083.67,no
Female,0,4,yes,Fiber optic,One year,yes,Credit card,70.42,274.97,no
Female,0,28,yes,Fiber optic,Two year,yes,Mailed check,77.85,2225.82,no
Male,0,51,yes,DSL,month to month,yes,Electronic check,88.51,4426.13,yes
Female,0,21,yes,Fiber optic,Month-to-month,yes,Electronic check,93.95,2338.650806,yes
Male,0,54,yes,Fiber optic,Month-to-month,yes,Mailed check,63.47,3461.16,no
Male,0,36,yes,DSL,One year,yes,Mailed check,64.96,2333.55,no
Female,0,50,yes,DSL,Month-to-month,yes,Credit card,63.9,3175.58,no
Female,0,49,yes,No,One year,yes,Credit card,43.51,2161.48,no
Male,0,15,yes,No,Month-to-month,no,Bank transfer,87.75,1354.15,no
Female,0,20,yes,DSL,One year,no,Electronic check,91.28,1855.03,no
Female,1,71,yes,fiberoptic,Month-to-month,no,Electronic check,43.61,3122.63,no
Male,1,28,no,fiberoptic,Month-to-month,yes,Mailed check,98.7,2631.43,no
Male,0,12,yes,DSL,monthly,yes,Mailed check,84.55,1029.58,no
Female,0,39,yes,Fiber optic,One year,yes,Credit card,54.75,2055.12,no
Female,0,12,yes,No,Month-to-month,yes,Credit card,49.59,574.71,no
Male,0,32,yes,Fiber optic,One year,yes,Bank transfer,42.49,1399.76,no
Female,0,2,yes,Fiber optic,One year,no,Mailed check,90.61,180.63,no
Male,0,29,yes,Fiber optic,One year,no,Electronic check,24.06,2338.650806,no
Female,0,63,yes,No,One year,yes,Bank transfer,37.88,2316.38,no
Male,0,21,yes,DSL,Month-to-month,no,Mailed check,108.73,2248.53,yes
Female,1,11,yes,fibre optic,One year,yes,Electronic check,49.81,556.68,no
Male,0,50,yes,DSL,month to month,yes,Credit card,28.55,1371.58,yes
Male,1,40,no,DSL,Month-to-month,no,Electronic check,67.69,2837.27,yes
Male,0,36,yes,Fiber optic,monthly,no,Mailed check,43.36,1606.35,no
Male,1,5,yes,No,Two year,no,Electronic check,82.18,2338.650806,no
Male,0,70,yes,No,One year,no,Electronic check,101.39,6931.34,yes
Male,0,68,yes,Fiber optic,Month-to-month,no,Electronic check,50.18,3443.03,no
Male,1,54,yes,Fiber optic,Month-to-month,no,Credit card,20.74,1161.44,no
Male,0,64,yes,No,Two year,yes,Mailed check,90.38,5540.13,no
Male,0,28,yes,DSL,Month-to-month,yes,Electronic check,59.23,1584.18,yes
Female,0,41,yes,DSL,One year,yes,Electronic check,84.05,3433.08,no
Female,0,42,yes,DSL,Month-to-month,yes,Electronic check,57.41,2387.31,yes
Male,0,35,yes,fiberoptic,Month-to-month,no,Credit card,26,929.57,no
Male,0,7,yes,Fiber optic,Month-to-month,yes,Electronic check,96.19,671.92,yes
Female,0,36,yes,DSL,One year,yes,Bank transfer,88.35,2338.650806,yes
Male,0,5,yes,Fiber optic,One year,no,Mailed check,102.82,2338.650806,no
Male,0,20,yes,DSL,One year,no,Mailed check,107.79,2160.29,no
Female,0,41,yes,Fiber optic,Month-to-month,yes,Electronic check,24.35,1023.89,no
Female,0,36,yes,DSL,Month-to-month,no,Electronic check,64.53,2383.11,no
Female,0,19,yes,Fiber optic,One year,yes,Mailed check,93.57,1791.09,yes
Male,0,13,yes,DSL,Month-to-month,no,Bank transfer,30.4,408.12,yes
Male,0,59,yes,Fiber optic,Month-to-month,yes,Electronic check,64.7,3827.82,no
Female,0,62,yes,DSL,One year,no,Electronic check,100.61,6436.38,no
Male,1,45,yes,Fiber optic,month to month,no,Electronic check,20.75,963.94,no
Male,0,37,yes,DSL,One year,yes,Bank transfer,62.05,2400.67,no
Male,0,68,yes,No,Month-to-month,yes,Electronic check,64.74,4411.12,yes
Female,1,34,yes,Fiber optic,Two year,yes,Electronic check,31.4,1070.82,no
Female,0,10,yes,DSL,monthly,yes,Mailed check,92.93,969.71,no
Female,0,12,yes,DSL,Two year,yes,Bank transfer,22.73,266.58,no
Male,0,6,yes,No,Month-to-month,no,Bank transfer,94.67,574.53,yes
Male,0,41,yes,Fiber optic,Month-to-month,yes,Credit card,92.9,3723.41,no
Female,0,24,yes,Fiber optic,Month-to-month,yes,Mailed check,50.97,1247.96,no
Female,0,35,yes,DSL,Two year,yes,Electronic check,57.76,1922.09,no
Female,0,45,yes,DSL,Two year,yes,Mailed check,97.67,4283.21,no
Female,1,12,no,Fiber optic,Month-to-month,yes,Electronic check,29.3,360.65,yes
Male,1,27,yes,DSL,Two year,yes,Bank transfer,43.33,1182.51,no
Male,1,57,yes,DSL,One year,yes,Credit card,51.12,2849.17,no
Female,0,46,yes,Fiber optic,Month-to-month,yes,Electronic check,82.03,2338.650806,no
Female,0,21,yes,Fiber optic,Two year,no,Electronic check,63.21,2338.650806,no
Male,0,45,yes,DSL,monthly,yes,Mailed check,79.34,3613.8,yes
Male,1,11,yes,Fiber optic,Two year,yes,Electronic check,55.17,608.96,no
Male,0,41,yes,Fiber optic,Two year,no,Bank transfer,85.74,3520.08,no
Female,0,1,yes,DSL,One year,no,Mailed check,98.22,99.36,no
Female,1,21,yes,DSL,Month-to-month,no,Bank transfer,49.21,2338.650806,yes
Female,0,22,yes,DSL,One year,yes,Electronic check,31.69,680.88,no
Male,0,61,yes,DSL,Month-to-month,no,Credit card,36.26,2180.22,no
Male,0,24,yes,fibre optic,Month-to-month,no,Credit card,99.9,2431.5,no
Male,0,66,yes,No,Month-to-month,yes,Credit card,55.1,3511.38,no
Male,1,35,yes,fiberoptic,Month-to-month,yes,Electronic check,90.78,3273.5,yes
Female,0,18,yes,DSL,monthly,yes,Credit card,30.09,552.4,no
Male,0,65,yes,DSL,Two year,yes,Credit card,20.78,1303.87,yes
Female,0,35,no,Fiber optic,Two year,no,Electronic check,38.34,1407.68,no
Male,0,50,yes,No,Month-to-month,yes,Electronic check,62.19,3107.33,no
Male,0,64,yes,No,Month-to-month,no,Credit card,88.63,5556.38,yes
Female,0,42,yes,Fiber optic,Month-to-month,no,Credit card,76.46,3282.47,yes
Female,0,16,yes,No,Month-to-month,no,Bank transfer,63.88,1008.12,no
Female,0,51,yes,Fiber optic,Two year,no,Mailed check,33.78,1667.31,no
Female,0,38,yes,DSL,One year,yes,Bank transfer,21.68,795.29,no
Male,1,39,yes,DSL,One year,yes,Bank transfer,73.53,2769.99,no
Male,0,37,yes,DSL,Month-to-month,no,Credit card,74.79,2891.9,yes
Female,1,5,yes,DSL,Month-to-month,yes,Mailed check,43.96,223.35,no
Female,0,66,yes,fibre optic,Month-to-month,yes,Electronic check,22.26,1516.95,no
Female,0,11,yes,DSL,Month-to-month,yes,Electronic check,83.53,883.14,no
Female,1,30,yes,Fiber optic,One year,no,Electronic check,75.42,2256.96,no
Female,1,19,yes,DSL,Month-to-month,yes,Bank transfer,106.37,2062.25,yes
Female,0,8,yes,Fiber optic,monthly,yes,Credit card,33.98,258.68,no
Male,0,1,yes,Fiber optic,Month-to-month,no,Bank transfer,20.65,2338.650806,no
Male,1,30,yes,Fiber optic,Two year,yes,Electronic check,23.13,671.6,no
Female,0,65,yes,Fiber optic,One year,no,Bank transfer,63.15,4224.28,no
Female,1,64,yes,Fiber optic,monthly,yes,Credit card,108.37,7042.88,no
Male,1,66,yes,No,Month-to-month,no,Mailed check,87.75,5750.49,no
Female,0,48,yes,DSL,One year,no,Mailed check,51.08,2390.74,no
Female,0,47,yes,Fiber optic,One year,no,Mailed check,62.33,2882.38,no
Male,0,67,yes,DSL,Two year,yes,Bank transfer,101.7,6688.38,no
Female,0,42,yes,No,One year,yes,Mailed check,109.2,4673.4,no
Male,0,25,yes,DSL,Two year,yes,Electronic check,88.78,2278.45,yes
Male,0,66,yes,DSL,month to month,yes,Mailed check,21.65,1455.67,yes
Male,0,1,yes,Fiber optic,Month-to-month,yes,Credit card,66.08,63.34,no
Male,0,56,yes,fiberoptic,Month-to-month,yes,Mailed check,50.74,2721.76,no
Female,0,34,yes,Fiber optic,One year,yes,Bank transfer,91.45,3254.22,no
Female,1,57,yes,DSL,Two year,no,Mailed check,56.72,3176.48,no
Female,0,14,yes,DSL,Month-to-month,yes,Credit card,91.72,1327.86,no
Male,0,55,yes,Fiber optic,Month-to-month,no,Credit card,43.52,2417.85,yes
Male,0,68,yes,DSL,One year,yes,Bank transfer,85.54,5770.7,no
Male,0,30,yes,fibre optic,Two year,yes,Credit card,52.25,1545.21,no
Male,0,49,yes,DSL,One year,yes,Electronic check,72.76,2338.650806,no
Male,0,37,no,DSL,Two year,no,Credit card,64.97,2317.54,no
Male,0,45,yes,DSL,month to month,yes,Bank transfer,103.69,4713.72,no
Female,0,34,yes,DSL,Month-to-month,no,Credit card,45.38,1512.8,yes
Female,0,28,yes,DSL,One year,yes,Credit card,55.86,1543.6,no
Male,0,51,yes,No,One year,yes,Electronic check,94.09,4667.99,no
Female,0,13,no,No,Month-to-month,yes,Electronic check,29.2,376.68,no
Female,0,68,no,DSL,Month-to-month,yes,Bank transfer,30.3,2043.89,no
Male,0,62,yes,Fiber optic,Month-to-month,yes,Credit card,50.77,3249.33,no
Male,1,33,yes,Fiber optic,monthly,yes,Bank transfer,63.08,2053.24,no
Female,1,57,yes,DSL,Month-to-month,yes,Electronic check,100.83,5462.11,no
Female,0,2,yes,fiberoptic,One year,no,Electronic check,33.36,67.3,no
Male,0,62,yes,DSL,One year,no,Electronic check,31.29,1979.62,no
Male,0,57,yes,DSL,Two year,yes,Electronic check,93.82,5577.89,no
Male,0,43,yes,DSL,Month-to-month,yes,Credit card,46.79,2338.650806,no
Male,1,63,yes,DSL,Month-to-month,no,Electronic check,67.1,4052.65,no
Male,1,48,yes,Fiber optic,Month-to-month,no,Electronic check,80.23,3733.86,yes
Male,0,50,yes,DSL,Two year,yes,Mailed check,92.42,4584.56,no
Male,0,70,yes,Fiber optic,One year,yes,Electronic check,60.7,4077.15,no
Male,0,49,yes,No,Month-to-month,yes,Mailed check,58.1,2777.46,yes
Female,0,67,yes,Fiber optic,Month-to-month,no,Credit card,29.49,1926.41,no
Male,0,31,yes,Fiber optic,Month-to-month,yes,Bank transfer,39.2,1184.52,yes
Female,0,25,yes,DSL,Month-to-month,yes,Bank transfer,40.73,977.73,yes
Male,0,68,yes,No,Month-to-month,no,Bank transfer,95.07,6505.26,yes
Female,0,42,yes,DSL,Month-to-month,no,Bank transfer,87.84,3790.24,no
Male,0,22,yes,fibre optic,Month-to-month,yes,Electronic check,25.02,529.58,no
Male,0,60,yes,DSL,One year,no,Mailed check,99.19,5988.29,no
Male,0,67,yes,DSL,One year,no,Credit card,86.07,5519.49,no
Female,0,8,yes,fibre optic,Month-to-month,yes,Credit card,41.63,342.05,yes
Female,0,28,yes,DSL,Month-to-month,yes,Credit card,94.9,2567.63,no
Male,0,44,yes,No,One year,yes,Mailed check,68.92,3180.82,no
Male,0,20,yes,No,Month-to-month,yes,Mailed check,104.79,2338.650806,yes
Male,1,9,no,DSL,One year,yes,Bank transfer,78.61,709.75,no
Female,0,33,yes,Fiber optic,Month-to-month,no,Credit card,85.74,2836,no
Female,1,50,yes,No,One year,yes,Bank transfer,71.48,2338.650806,no
Male,1,28,yes,DSL,Month-to-month,no,Electronic check,50.43,2338.650806,no
Male,0,6,yes,No,Month-to-month,no,Electronic check,46.44,280.43,no
Female,1,62,no,DSL,Month-to-month,yes,Electronic check,47.88,2338.650806,no
Male,1,12,no,Fiber optic,Month-to-month,no,Mailed check,25.62,308.43,yes
Female,0,26,yes,Fiber optic,Month-to-month,yes,Electronic check,45.88,1224.87,yes
Female,1,42,no,Fiber optic,Month-to-month,yes,Bank transfer,48.53,1973.11,no
Male,0,69,yes,DSL,Month-to-month,yes,Credit card,47.8,3371.28,yes
Male,1,51,yes,Fiber optic,Month-to-month,yes,Electronic check,25.75,2338.650806,yes
Female,0,70,yes,Fiber optic,Two year,yes,Mailed check,56.42,2338.650806,no
Female,0,4,yes,No,Month-to-month,no,Bank transfer,52.56,211.22,yes
Female,0,29,yes,No,One year,no,Credit card,58.12,1669.34,no
Male,0,65,yes,DSL,One year,yes,Credit card,107.19,6768.86,no
Male,0,33,yes,DSL,Month-to-month,no,Credit card,31.7,1097.31,yes
Male,0,35,yes,nan,Month-to-month,no,Electronic check,98.29,3340.54,yes
Male,0,61,yes,Fiber optic,Month-to-month,yes,Mailed check,60.06,3534.53,yes
Female,0,21,yes,No,One year,yes,Electronic check,29.16,602.48,no
Male,1,39,yes,Fiber optic,month to month,yes,Electronic check,100.37,3891.38,no
Male,1,51,no,DSL,Month-to-month,no,Credit card,81.82,2338.650806,no
Female,0,46,no,DSL,month to month,yes,Credit card,54.65,2408.23,yes
Female,0,28,yes,No,Month-to-month,yes,Electronic check,63.11,1744.7,yes
Female,0,16,yes,DSL,Month-to-month,yes,Electronic check,37.71,611.46,no
Male,0,39,yes,Fiber optic,monthly,yes,Electronic check,58.58,2377.47,yes
Female,0,71,yes,nan,Two year,no,Bank transfer,30.82,2338.650806,no
Male,0,64,yes,Fiber optic,Month-to-month,yes,Mailed check,20.41,1256.65,yes
Male,0,46,yes,fibre optic,1 year,no,Mailed check,33.37,1491.85,no
Female,0,27,no,DSL,One year,yes,Credit card,89.95,2402.37,no
Male,1,25,yes,Fiber optic,One year,no,Electronic check,93.07,2373.85,no
Male,0,33,yes,No,Month-to-month,no,Bank transfer,55.89,1873.78,no
Male,0,11,yes,DSL,Month-to-month,no,Credit card,86.07,978.19,yes
Female,1,43,yes,Fiber optic,Month-to-month,no,Bank transfer,100,4242.58,no
Male,0,55,yes,No,Month-to-month,yes,Electronic check,79.43,4517.64,no
Female,0,65,yes,Fiber optic,Month-to-month,yes,Electronic check,59.67,2338.650806,yes
Male,0,13,yes,DSL,Two year,no,Credit card,74.98,953.44,no
Male,0,56,yes,DSL,Month-to-month,yes,Bank transfer,67.5,3868.84,yes
Female,0,28,yes,DSL,Month-to-month,yes,Credit card,80.51,2246.92,no
Female,0,27,yes,fibre optic,Month-to-month,yes,Bank transfer,31.48,832.14,yes
Female,0,6,yes,Fiber optic,Two year,no,Mailed check,98.74,585.06,no
Male,0,50,yes,Fiber optic,Month-to-month,yes,Electronic check,33.77,1649.37,yes
Male,0,1,yes,Fiber optic,Month-to-month,yes,Bank transfer,80,76.4,no
Female,0,56,yes,Fiber optic,Month-to-month,yes,Credit card,58.22,3246.49,no
Male,0,40,yes,No,Month-to-month,yes,Credit card,94.72,3838.02,no
Male,0,11,yes,Fiber optic,One year,no,Mailed check,44.15,509.86,no
Male,0,21,yes,DSL,Two year,no,Credit card,43.49,936.62,no
Female,0,61,yes,DSL,Month-to-month,no,Mailed check,29.52,1817.37,no
Male,0,41,yes,Fiber optic,One year,no,Bank transfer,104.42,2338.650806,no
Female,0,61,yes,DSL,One year,yes,Bank transfer,91.15,5422.41,yes
Female,0,27,yes,Fiber optic,One year,yes,Credit card,57.5,1611.83,no
Female,0,8,yes,DSL,2 year,yes,Mailed check,32.41,248.09,no
Female,1,46,no,Fiber optic,Month-to-month,no,Credit card,23.08,1053.64,yes
Male,0,50,no,Fiber optic,Two year,yes,Electronic check,48.76,2326.16,no
Female,0,34,no,Fiber optic,Month-to-month,yes,Electronic check,99.91,3371.41,yes
Female,0,40,no,No,Month-to-month,yes,Credit card,108.42,4356.77,no
Male,0,7,yes,Fiber optic,2 year,yes,Credit card,95.9,658.2,no
Female,0,65,yes,No,One year,yes,Electronic check,100.89,6465.49,no
Female,0,70,yes,Fiber optic,One year,yes,Mailed check,47.86,3474.78,no
Female,0,32,yes,Fiber optic,Month-to-month,no,Electronic check,47.04,1546,yes
Female,1,8,yes,No,Month-to-month,no,Credit card,108.29,871.07,no
Female,0,59,yes,Fiber optic,Two year,yes,Electronic check,69.6,3971,no
Male,0,34,yes,DSL,Month-to-month,yes,Bank transfer,103.79,3681.82,yes
Female,0,60,no,Fiber optic,Month-to-month,no,Bank transfer,29.18,1812.45,no
Male,0,67,yes,Fiber optic,Month-to-month,yes,Electronic check,45.88,2338.650806,yes
Male,1,23,yes,No,Month-to-month,no,Credit card,38.84,881.23,no
Female,1,51,yes,DSL,One year,yes,Credit card,21.78,1147.63,no
Male,0,14,yes,No,One year,yes,Electronic check,55.9,780.76,no
Female,0,17,yes,DSL,One year,yes,Mailed check,100.51,1740.86,no
Male,1,16,yes,No,Month-to-month,no,Mailed check,69.2,1062.19,yes
Female,0,35,yes,Fiber optic,One year,no,Electronic check,109.9,3931.76,yes
Female,1,44,yes,Fiber optic,Two year,yes,Mailed check,96.57,4077.42,no
Male,1,8,yes,Fiber optic,Month-to-month,yes,Electronic check,64.79,532.43,yes
Female,0,24,yes,Fiber optic,Two year,yes,Electronic check,23.36,544.16,no
Male,0,34,yes,DSL,Month-to-month,no,Mailed check,90.2,3194.51,no
Male,0,26,yes,No,One year,yes,Credit card,78.74,2338.650806,no
Male,1,33,yes,DSL,Month-to-month,yes,Mailed check,97.41,3240.58,yes
Male,0,7,yes,DSL,Month-to-month,no,Bank transfer,24.02,168.67,yes
Male,0,3,yes,No,One year,yes,Electronic check,53.03,157.43,no
Female,1,28,yes,Fiber optic,One year,no,Mailed check,51.62,1382.18,no
Female,0,9,yes,Fiber optic,Month-to-month,no,Electronic check,25.54,224.09,yes
Male,0,50,yes,DSL,Two year,yes,Credit card,42.79,2173.1,no
Male,0,46,no,DSL,Month-to-month,no,Mailed check,52.07,2350.22,no
Female,0,49,yes,DSL,Month-to-month,yes,Credit card,63.89,3086.25,no
Female,0,4,yes,DSL,Two year,yes,Electronic check,60.39,244.34,no
Female,0,71,no,DSL,Month-to-month,yes,Electronic check,65.44,4694.1,no
Female,1,57,yes,No,Two year,yes,Mailed check,94.89,5449.41,no
Male,0,30,yes,No,Month-to-month,yes,Electronic check,63.45,2338.650806,no
Female,0,34,yes,Fiber optic,Month-to-month,yes,Electronic check,76.48,2601.98,yes
Female,0,23,yes,Fiber optic,Month-to-month,no,Bank transfer,80.53,1940.61,yes
Female,0,41,yes,Fiber optic,Month-to-month,no,Mailed check,35.26,1479.55,no
Female,0,40,yes,DSL,One year,yes,Credit card,38.38,1593.03,no
Female,0,26,yes,DSL,Month-to-month,yes,Electronic check,94.41,2489.98,no
Male,0,12,no,No,Month-to-month,yes,Bank transfer,77.01,878.46,no
Male,0,23,yes,No,Two year,yes,Electronic check,45.94,2338.650806,yes
Male,0,46,yes,DSL,Month-to-month,yes,Mailed check,101.14,4573.72,no
Female,0,48,yes,fibre optic,Month-to-month,no,Bank transfer,62.34,2896.45,no
Male,0,62,yes,DSL,One year,no,Credit card,68.17,4303.17,no
Male,0,11,yes,No,Month-to-month,no,Bank transfer,108.75,1246.23,yes
Male,0,47,yes,Fiber optic,Two year,yes,Mailed check,86.49,4165.74,no
Male,1,6,yes,No,monthly,yes,Bank transfer,45.07,257.84,yes
Female,0,68,yes,Fiber optic,Month-to-month,no,Electronic check,107.26,7453.92,no
Male,1,60,yes,No,Month-to-month,yes,Credit card,89.96,2338.650806,no
Female,0,52,yes,Fiber optic,Two year,yes,Mailed check,87.31,4607.06,no
Female,0,53,yes,DSL,Month-to-month,yes,Bank transfer,38.19,2021.96,yes
Female,0,33,yes,No,monthly,yes,Bank transfer,96.01,3098.23,yes
Male,0,25,yes,Fiber optic,One year,yes,Bank transfer,61.12,1472.73,no
Female,0,44,yes,Fiber optic,Month-to-month,yes,Electronic check,20.12,921.53,no
Male,0,21,yes,No,One year,yes,Credit card,77.96,1706.16,no
Female,0,13,yes,DSL,month to month,yes,Mailed check,35.33,455.85,no
Male,0,47,yes,DSL,Month-to-month,no,Electronic check,86.19,3867.55,no
Female,0,25,yes,DSL,Two year,no,Bank transfer,49.79,1260.17,no
Male,1,56,no,DSL,One year,no,Bank transfer,27.16,2338.650806,no
Female,1,11,yes,DSL,Month-to-month,no,Mailed check,102.2,1144.41,no
Female,0,28,yes,DSL,One year,no,Electronic check,75.48,2064.56,no
Female,1,24,yes,nan,Month-to-month,yes,Mailed check,88.25,2198.63,yes
Female,1,53,yes,No,Month-to-month,yes,Bank transfer,25.72,1373.76,yes
Male,0,54,yes,Fiber optic,One year,no,Bank transfer,84.91,4628.18,no
Female,0,59,yes,Fiber optic,Two year,yes,Bank transfer,61.35,3513.51,no
Male,1,10,yes,DSL,Month-to-month,no,Electronic check,57.74,596.96,yes
Female,0,7,yes,DSL,One year,yes,Electronic check,28.31,191.46,no
Female,0,49,no,Fiber optic,One year,no,Mailed check,78.3,3688.81,yes
Male,0,68,no,Fiber optic,Month-to-month,yes,Electronic check,24.75,1764.57,no
Female,0,5,yes,No,Month-to-month,yes,Electronic check,28.86,145.45,no
Male,0,59,no,DSL,Month-to-month,no,Mailed check,23.29,1316.84,yes
Female,0,25,yes,Fiber optic,month to month,no,Bank transfer,108.85,2605.5,yes
Female,0,44,yes,Fiber optic,Month-to-month,no,Electronic check,108.44,4557.55,no
Female,1,71,yes,No,Two year,yes,Credit card,60.68,4107.73,no
Male,0,19,yes,No,Month-to-month,yes,Mailed check,48.27,937.44,yes
Male,1,65,yes,No,Two year,yes,Mailed check,34.73,2301.22,no
Female,0,8,no,Fiber optic,Month-to-month,no,Electronic check,79.55,608.99,no
Male,0,14,yes,No,Month-to-month,no,Mailed check,56.25,795.06,no
Female,0,55,yes,Fiber optic,One year,yes,Bank transfer,82.57,4566.14,no
Female,0,57,no,No,month to month,yes,Electronic check,21.18,1153.69,no
Male,0,12,yes,DSL,One year,no,Electronic check,58.74,739.74,no
Male,0,13,yes,No,Month-to-month,yes,Mailed check,99.84,1337.25,no
Male,0,55,yes,No,Two year,no,Bank transfer,80.5,4288.19,no
Male,1,37,yes,nan,Month-to-month,yes,Credit card,22,811.13,no
Female,0,45,yes,Fiber optic,One year,no,Mailed check,41.62,1843.06,no
Male,0,55,no,No,Two year,yes,Mailed check,80.67,4598.82,no
Female,1,70,yes,DSL,Two year,no,Electronic check,80.23,5418.79,yes
Female,0,59,yes,fibre optic,One year,yes,Credit card,96.59,5710.53,no
Female,0,13,no,No,Month-to-month,no,Credit card,52.23,698.8,yes
Female,0,68,no,Fiber optic,One year,no,Credit card,29.43,1932.1,no
Male,0,21,yes,Fiber optic,Month-to-month,no,Electronic check,105.8,2317.48,no
Female,0,53,yes,No,month to month,yes,Credit card,96.11,5068.82,yes
Male,1,17,yes,No,Month-to-month,yes,Bank transfer,101.83,1752.77,yes
Female,0,49,yes,DSL,Two year,yes,Electronic check,95.07,4531.91,no
Female,0,40,yes,DSL,One year,no,Credit card,85.84,3478.71,no
Male,0,40,yes,DSL,One year,no,Electronic check,95.87,3818.8,no
Male,0,3,yes,No,Month-to-month,yes,Bank transfer,30,87.81,no
Female,0,36,no,Fiber optic,One year,yes,Mailed check,58.39,2041.03,no
Male,0,34,yes,No,Month-to-month,no,Electronic check,54.04,2338.650806,no
Male,0,53,yes,DSL,Month-to-month,no,Mailed check,22.77,1226.04,no
Female,1,20,yes,Fiber optic,Two year,yes,Bank transfer,67.74,1371.74,yes
Female,0,25,yes,DSL,Month-to-month,yes,Credit card,32.54,778.85,no
Female,0,61,yes,Fiber optic,Two year,yes,Bank transfer,29.74,1786.66,no
Male,0,26,yes,No,month to month,yes,Electronic check,20.16,506.72,no
Male,0,3,yes,DSL,Month-to-month,yes,Mailed check,100.78,306.16,no
Male,1,27,yes,Fiber optic,One year,yes,Electronic check,80.56,2268.11,no
Female,1,17,yes,No,Month-to-month,no,Electronic check,84.39,1436.71,yes
Male,0,58,no,No,monthly,yes,Mailed check,53.53,2960.28,yes
Female,0,48,yes,Fiber optic,Month-to-month,yes,Bank transfer,83.38,4139.75,no
Male,0,36,yes,fibre optic,Month-to-month,no,Electronic check,32.02,1162.72,no
Male,1,62,yes,Fiber optic,One year,yes,Bank transfer,31.22,2338.650806,yes
Female,0,58,yes,DSL,Two year,no,Mailed check,53.86,3248.91,no
Female,0,12,yes,No,Two year,yes,Mailed check,81.79,2338.650806,yes
Female,0,58,no,Fiber optic,Month-to-month,yes,Electronic check,109.3,6417.36,no
Female,0,29,yes,No,monthly,no,Bank transfer,47.85,1353.85,no
Female,0,39,yes,Fiber optic,Month-to-month,yes,Bank transfer,27.84,1034.95,yes
Female,0,4,yes,DSL,Two year,no,Electronic check,44.48,179.67,no
Male,0,66,yes,Fiber optic,Two year,no,Bank transfer,82.79,5444.75,no
Female,0,27,yes,Fiber optic,One year,no,Credit card,59.33,1677.05,no
Male,0,22,yes,Fiber optic,Month-to-month,yes,Credit card,32.31,744.94,no
Male,0,25,yes,DSL,Month-to-month,no,Mailed check,67.14,1640.7,no
Female,1,17,yes,DSL,One year,no,Mailed check,77.28,1298.92,yes
Female,0,46,no,No,Month-to-month,yes,Mailed check,37.77,1725.74,no
Male,1,16,yes,DSL,Month-to-month,no,Electronic check,107.18,1754.22,yes
Female,0,35,yes,DSL,Two year,yes,Mailed check,51.71,1899.7,no
Male,0,47,yes,DSL,Month-to-month,no,Electronic check,66.12,3165.35,no
Male,0,13,yes,DSL,Month-to-month,yes,Bank transfer,50.52,657.71,no
Female,0,68,yes,No,Month-to-month,yes,Credit card,31.36,2338.650806,yes
Female,0,9,yes,DSL,Month-to-month,yes,Credit card,97.15,857.28,no
Female,0,54,yes,DSL,Month-to-month,no,Electronic check,30.22,1550.6,no
Male,0,40,yes,Fiber optic,Month-to-month,no,Electronic check,78.43,3234.62,yes
Female,0,53,yes,nan,month to month,yes,Electronic check,44.79,2285.81,no
Female,0,12,yes,DSL,One year,yes,Mailed check,64.96,791.69,no
Female,0,33,yes,DSL,month to month,yes,Bank transfer,29.99,2338.650806,yes
Female,0,15,yes,DSL,Month-to-month,yes,Bank transfer,47.31,677.09,no
Male,0,49,yes,DSL,One year,yes,Bank transfer,39.42,2019.06,no
Female,0,51,yes,Fiber optic,Month-to-month,yes,Bank transfer,109.04,5504.17,no
Male,0,62,yes,Fiber optic,Month-to-month,yes,Bank transfer,76.48,4522.75,no
Male,0,65,yes,DSL,monthly,no,Bank transfer,49.98,3275.95,no
Female,1,62,no,Fiber optic,Month-to-month,no,Credit card,79.77,5134.53,yes
Female,0,25,no,No,Month-to-month,yes,Credit card,62.84,1560.73,no
Female,0,15,yes,fiberoptic,One year,yes,Mailed check,26.31,407.3,no
Male,0,3,no,No,Month-to-month,yes,Mailed check,81.12,241.61,no
Female,0,7,yes,fiberoptic,Month-to-month,no,Credit card,87.34,611.51,yes
Male,0,32,yes,DSL,One year,yes,Mailed check,46.35,1514.33,no
Female,0,34,yes,DSL,Month-to-month,yes,Electronic check,45.68,1579.63,yes
Male,0,12,yes,Fiber optic,Month-to-month,yes,Credit card,38.7,445.29,yes
Male,0,55,yes,No,1 year,no,Bank transfer,107.12,5877.12,yes
Female,0,27,no,Fiber optic,One year,no,Electronic check,53.01,1367.58,no
Female,0,11,yes,No,One year,yes,Mailed check,80.1,853.69,no
Female,0,68,yes,nan,Month-to-month,yes,Credit card,47.49,3231.96,no
Male,0,48,yes,DSL,Two year,no,Credit card,68.83,3236.07,no
Female,0,45,yes,DSL,Month-to-month,no,Bank transfer,64.02,2878.21,no
Male,0,35,yes,nan,Two year,yes,Credit card,78.58,2733.37,yes
Female,0,47,yes,Fiber optic,Month-to-month,no,Bank transfer,48.79,2353.97,yes
Female,0,19,yes,DSL,One year,yes,Electronic check,32.04,592.01,no
Male,0,19,yes,Fiber optic,Month-to-month,yes,Bank transfer,21.63,2338.650806,yes
Male,0,68,yes,Fiber optic,One year,yes,Mailed check,102.27,7277.31,no
Female,0,17,yes,DSL,Month-to-month,no,Mailed check,63.26,1099.79,no
Male,1,31,yes,No,Month-to-month,no,Electronic check,95.9,2857.99,no
Male,0,41,yes,No,Two year,yes,Electronic check,42.79,1693.7,no
Male,0,37,yes,DSL,Two year,yes,Mailed check,35.8,1342.32,no
Male,1,17,yes,DSL,Two year,yes,Credit card,55.25,908.48,no
Female,0,54,yes,Fiber optic,Two year,yes,Electronic check,57.49,3092.77,no
Female,0,10,yes,No,Month-to-month,yes,Mailed check,72.51,689.72,no
Female,0,36,no,DSL,Month-to-month,yes,Credit card,52.41,1799.86,no
Male,0,29,no,nan,Month-to-month,yes,Mailed check,104.83,2338.650806,yes
Female,1,69,yes,No,Month-to-month,yes,Electronic check,101.69,7000.36,no
Male,0,70,yes,Fiber optic,Month-to-month,yes,Bank transfer,72.89,4854.47,yes
Male,0,24,yes,Fiber optic,Two year,no,Credit card,58.6,1361.45,no
Female,0,17,yes,DSL,Month-to-month,yes,Bank transfer,55.52,898.6,no
Male,0,58,no,Fiber optic,One year,yes,Credit card,23.23,1315.72,no
Female,0,14,yes,DSL,monthly,yes,Credit card,71.04,998.05,yes
Male,1,41,yes,DSL,monthly,no,Electronic check,89.84,3687.4,yes
Female,0,50,yes,Fiber optic,Month-to-month,yes,Credit card,62.44,3100.88,yes
Female,0,11,yes,DSL,Month-to-month,yes,Mailed check,89.52,941.32,yes
Female,0,49,yes,Fiber optic,monthly,no,Credit card,48.44,2374.1,no
Female,0,47,yes,Fiber optic,monthly,yes,Credit card,98.44,4422.88,yes
Male,0,53,yes,Fiber optic,monthly,yes,Mailed check,97.34,5306.85,yes
Male,0,9,yes,No,Month-to-month,yes,Mailed check,46.49,434.22,no
Female,0,33,yes,DSL,Two year,yes,Bank transfer,93.08,3196.35,no
Male,0,6,yes,DSL,Month-to-month,yes,Mailed check,96.18,595.7,yes
Male,0,40,yes,Fiber optic,Month-to-month,no,Bank transfer,40.18,1641.3,no
Female,0,24,yes,DSL,One year,no,Electronic check,72.41,1732.79,yes
Male,0,39,yes,DSL,Month-to-month,yes,Electronic check,47.88,1888.22,no
Male,0,64,yes,Fiber optic,Month-to-month,yes,Mailed check,77.26,2338.650806,yes
Female,1,19,yes,DSL,month to month,yes,Electronic check,22.91,454.4,no
Female,0,63,yes,DSL,One year,no,Electronic check,67.94,4257.36,yes
Male,0,34,yes,nan,One year,no,Bank transfer,46.46,2338.650806,no
Female,1,26,yes,Fiber optic,Two year,yes,Mailed check,24.77,657.82,no
Male,0,68,yes,Fiber optic,Month-to-month,no,Mailed check,75.57,2338.650806,yes
Male,0,59,yes,DSL,Month-to-month,no,Mailed check,50.51,3120.6,no
Male,0,15,yes,DSL,Month-to-month,no,Electronic check,48.82,704.46,no
Male,0,3,yes,No,month to month,yes,Mailed check,99.35,310.4,yes
Male,0,51,yes,Fiber optic,Month-to-month,yes,Credit card,31.48,1628.55,no
Male,0,38,yes,No,Month-to-month,no,Credit card,64.14,2381.59,no
Female,0,23,yes,No,2 year,yes,Mailed check,106.61,2557.6,no
Male,0,10,yes,No,monthly,no,Credit card,26.77,277.04,no
Male,0,70,yes,Fiber optic,One year,yes,Electronic check,100.73,2338.650806,no
Male,0,60,yes,DSL,Month-to-month,yes,Mailed check,28.54,1791.85,no
Female,0,66,yes,No,Month-to-month,no,Mailed check,47.13,3223.45,yes
Female,0,15,yes,Fiber optic,Month-to-month,no,Mailed check,69.87,2338.650806,yes
Male,0,25,yes,DSL,One year,yes,Electronic check,51.09,1267.94,no
Male,0,20,yes,Fiber optic,Two year,no,Credit card,57.79,1128.42,no
Female,0,60,no,No,One year,no,Mailed check,101.26,6362.32,no
Female,0,18,no,No,One year,no,Bank transfer,70.38,1255.28,no
Male,0,50,yes,DSL,Two year,yes,Electronic check,95.51,4935.82,no
Male,0,28,yes,DSL,Month-to-month,yes,Credit card,21.07,2338.650806,yes
Female,1,10,yes,Fiber optic,Two year,no,Bank transfer,108.3,1105.35,no
Female,1,19,yes,Fiber optic,Month-to-month,no,Bank transfer,88.3,1669.01,yes
Male,0,22,yes,No,Two year,no,Electronic check,89,1973.67,no
Male,0,69,yes,DSL,Month-to-month,yes,Credit card,59.26,4237,no
Female,1,54,yes,Fiber optic,Two year,yes,Credit card,78.84,4290.96,yes
Female,0,9,yes,DSL,Month-to-month,yes,Bank transfer,39.24,355.82,no
Female,0,67,no,Fiber optic,Month-to-month,no,Electronic check,40.67,2338.650806,yes
Female,0,12,yes,No,Month-to-month,no,Credit card,73.02,879.18,no
Female,1,14,yes,DSL,One year,yes,Bank transfer,89.21,1204.49,no
Male,0,43,yes,DSL,Month-to-month,yes,Electronic check,69.69,2938.34,no
Female,1,22,yes,No,Month-to-month,no,Bank transfer,73.55,1626.29,no
Female,0,15,yes,DSL,Month-to-month,no,Electronic check,65.02,1016.52,yes
Male,1,54,yes,DSL,month to month,yes,Bank transfer,107.64,5754.64,no
Female,0,47,yes,Fiber optic,Month-to-month,no,Electronic check,74.43,3521.5,no
Male,0,54,yes,Fiber optic,Month-to-month,no,Bank transfer,37.82,2060.72,no
Female,0,23,yes,No,Month-to-month,yes,Bank transfer,109.38,2514.11,yes
Male,0,52,yes,Fiber optic,1 year,yes,Mailed check,81.55,4134.08,no
Male,0,63,yes,Fiber optic,Month-to-month,yes,Bank transfer,36.14,2366.36,no
Male,0,41,yes,fiberoptic,Two year,no,Electronic check,64.1,2673.04,no
Female,0,29,yes,DSL,Two year,no,Credit card,83.28,2490.65,no
Male,0,1,no,DSL,Month-to-month,yes,Bank transfer,20.96,21.61,yes
Female,0,66,yes,No,Month-to-month,no,Electronic check,35.43,2314.66,no
Female,0,65,no,No,Two year,yes,Electronic check,109.97,6925.47,no
Female,0,31,yes,Fiber optic,One year,no,Electronic check,35.9,1124.49,no
Male,0,48,yes,DSL,One year,yes,Credit card,92.29,4481.67,no
Female,0,1,yes,DSL,Month-to-month,yes,Electronic check,20.14,20.33,yes
Male,0,51,yes,DSL,Month-to-month,no,Electronic check,82.4,2338.650806,yes
Male,0,47,yes,Fiber optic,Two year,yes,Electronic check,51.49,2347.35,yes
Male,0,50,yes,Fiber optic,Two year,yes,Bank transfer,88.31,2338.650806,no
Female,0,5,yes,fiberoptic,Month-to-month,yes,Electronic check,86.97,441.97,yes
Male,0,33,yes,Fiber optic,Month-to-month,yes,Bank transfer,28.55,928.67,no
Male,0,37,yes,DSL,One year,yes,Mailed check,49.16,1760.4,no
Male,0,18,yes,Fiber optic,Two year,yes,Mailed check,63.21,1189.81,no
Female,0,35,yes,DSL,Month-to-month,no,Electronic check,69.96,2502.09,no
Female,0,7,yes,No,Two year,yes,Credit card,106.47,779.16,no
Male,0,6,yes,Fiber optic,One year,yes,Electronic check,101.96,602.64,no
Female,0,10,yes,DSL,Month-to-month,yes,Credit card,101.4,996.33,yes
Female,1,39,yes,nan,One year,yes,Bank transfer,70.69,2884.94,yes
Male,0,61,yes,No,Month-to-month,yes,Bank transfer,22.37,1302.44,yes
Female,0,51,yes,Fiber optic,Two year,no,Credit card,63.92,3176.41,yes
Female,0,33,yes,DSL,Month-to-month,yes,Credit card,71.45,2345.94,no
Female,0,22,yes,Fiber optic,Month-to-month,yes,Mailed check,50.64,2338.650806,no
Male,0,44,yes,Fiber optic,Month-to-month,yes,Mailed check,47.87,2139.94,no
Male,0,33,yes,DSL,2 year,yes,Bank transfer,98.78,3402.76,no
Male,0,55,yes,DSL,Month-to-month,yes,Electronic check,55.5,3159.42,no
Male,1,20,yes,DSL,One year,no,Mailed check,21.12,417.45,no
Female,0,64,yes,No,month to month,no,Electronic check,81.01,5049.88,yes
Female,1,6,yes,Fiber optic,Month-to-month,yes,Bank transfer,78.33,489.33,yes
Male,0,4,yes,DSL,One year,yes,Credit card,41.57,164.27,no
Female,0,60,yes,DSL,One year,yes,Mailed check,59.51,3723.27,no
Male,0,52,yes,Fiber optic,Month-to-month,yes,Credit card,43.41,2363.9,yes
Male,0,23,yes,Fiber optic,Month-to-month,yes,Credit card,66.03,1467.84,no
Female,0,70,yes,DSL,Two year,yes,Mailed check,60.24,4341.29,no
Male,0,64,yes,Fiber optic,Month-to-month,yes,Credit card,33.05,2103.77,no
Male,0,7,yes,Fiber optic,1 year,yes,Electronic check,77.39,2338.650806,no
Female,0,28,yes,Fiber optic,Month-to-month,yes,Credit card,63.66,1741.56,no
Male,0,8,yes,No,Month-to-month,no,Electronic check,70.39,570.16,no
Female,0,53,yes,DSL,One year,yes,Mailed check,102.62,5359.99,no
Female,0,39,yes,DSL,Month-to-month,no,Bank transfer,32.7,1246.97,no
Female,0,35,yes,DSL,One year,yes,Bank transfer,71.41,2420.55,no
Male,0,15,no,DSL,Month-to-month,no,Electronic check,45.06,695.68,yes
Female,0,43,yes,fibre optic,Month-to-month,no,Bank transfer,41.31,1802.73,no
Female,0,68,yes,Fiber optic,One year,yes,Mailed check,104.22,7034.21,no
Male,0,38,yes,Fiber optic,One year,no,Electronic check,32.1,2338.650806,no
Female,0,37,yes,Fiber optic,One year,no,Credit card,23.38,878.29,no
Male,0,21,yes,No,Month-to-month,no,Electronic check,103.8,2201.65,no
Female,0,34,yes,Fiber optic,Month-to-month,no,Electronic check,52.2,1781.83,yes
Female,1,53,yes,Fiber optic,Month-to-month,yes,Credit card,54.33,2877.48,yes
Male,0,47,yes,Fiber optic,One year,no,Mailed check,22.4,1049.86,no
Female,0,61,yes,DSL,Two year,yes,Mailed check,109.65,6894.12,no
Female,0,3,yes,Fiber optic,monthly,yes,Bank transfer,92.43,270.7,yes
Male,0,39,yes,No,One year,yes,Mailed check,88.53,3434.84,no
Male,0,51,yes,Fiber optic,One year,yes,Bank transfer,85.76,4346.63,no
Female,0,37,yes,fiberoptic,One year,yes,Credit card,29.99,1060.33,no
Male,0,13,yes,No,One year,yes,Bank transfer,106.49,1331.49,no
Female,0,47,yes,Fiber optic,Month-to-month,no,Bank transfer,66.82,3062.03,no
Male,0,68,yes,Fiber optic,Month-to-month,no,Credit card,90.35,2338.650806,yes
Female,0,6,yes,fibre optic,Month-to-month,yes,Credit card,56.56,2338.650806,yes
Male,0,19,yes,DSL,Month-to-month,yes,Credit card,104.08,1978.17,no
Male,0,3,yes,Fiber optic,Month-to-month,no,Mailed check,89.64,263.34,yes
Male,0,5,yes,No,Month-to-month,no,Mailed check,79.16,381.19,no
Female,0,20,yes,DSL,Month-to-month,yes,Mailed check,27.88,537.96,no
Female,0,56,yes,Fiber optic,Month-to-month,no,Mailed check,33.7,1796.79,no
Male,0,33,yes,No,Month-to-month,yes,Electronic check,97.72,3367.18,yes
Female,0,64,yes,Fiber optic,Month-to-month,no,Mailed check,74.69,4579.32,yes
Female,0,69,yes,Fiber optic,Month-to-month,no,Bank transfer,87.16,5770.01,yes
Male,0,59,yes,DSL,One year,no,Electronic check,94.13,5716.4,no
Male,1,38,yes,No,One year,no,Mailed check,70.5,2729.8,yes
Male,0,51,no,DSL,monthly,no,Electronic check,102.07,4983.06,yes
Male,0,38,yes,No,Two year,no,Credit card,42.4,1648.63,no
Male,0,27,yes,Fiber optic,One year,yes,Credit card,100.68,2823.71,no
Female,0,28,yes,Fiber optic,Two year,yes,Electronic check,104.45,2942.93,no
Female,1,59,no,Fiber optic,Month-to-month,no,Mailed check,109.94,6390.74,yes
Male,0,65,yes,DSL,Month-to-month,no,Electronic check,36.69,2460.02,yes
Male,0,16,yes,DSL,Month-to-month,yes,Credit card,67.96,1037.9,no
Male,0,44,yes,DSL,Two year,no,Electronic check,39.9,1758.25,no
Male,1,21,no,fiberoptic,One year,yes,Mailed check,94.18,2072.38,no
Female,0,69,yes,No,Month-to-month,no,Electronic check,76.36,5031.76,yes
Male,1,24,yes,DSL,month to month,no,Electronic check,105.74,2489.89,yes
Female,0,51,yes,nan,One year,no,Bank transfer,92.65,2338.650806,no
Male,0,5,yes,DSL,Month-to-month,yes,Electronic check,109.27,564.13,yes
Female,0,50,yes,DSL,Month-to-month,yes,Mailed check,20.93,1068.4,no
Female,0,47,yes,DSL,Two year,yes,Credit card,70.01,3389.45,no
Female,0,52,yes,DSL,Month-to-month,yes,Bank transfer,57.39,2994.41,yes
Male,0,15,yes,No,Month-to-month,yes,Credit card,92.51,1377.68,yes
Female,0,1,yes,DSL,Two year,no,Credit card,103.78,99.9,no
Male,0,18,yes,DSL,Month-to-month,no,Bank transfer,98.48,1741.56,yes
Male,0,6,yes,Fiber optic,Month-to-month,yes,Electronic check,83.99,528.72,no
Male,1,53,yes,Fiber optic,One year,yes,Bank transfer,27.44,1480.59,no
Female,0,66,yes,Fiber optic,One year,yes,Electronic check,105.63,7114.84,no
Female,0,28,yes,DSL,Two year,no,Electronic check,99.71,2673.67,no
Female,0,16,yes,DSL,Two year,yes,Bank transfer,46.38,761.91,no
Female,0,55,no,DSL,Month-to-month,yes,Electronic check,66.23,3554.73,yes
Male,0,54,yes,DSL,Month-to-month,yes,Bank transfer,67.41,3733.86,no
Female,0,44,yes,Fiber optic,One year,yes,Bank transfer,55.53,2545.32,no
Female,0,45,yes,Fiber optic,Month-to-month,no,Electronic check,72.42,3271.21,no
Female,0,21,yes,DSL,Two year,no,Electronic check,107.24,2161.51,no
Male,0,70,yes,DSL,One year,no,Credit card,85.06,5830.67,no
Female,0,26,yes,DSL,One year,yes,Electronic check,51.68,1369.73,no
Male,0,49,yes,Fiber optic,Two year,yes,Electronic check,85.39,4305.4,no
Male,1,69,yes,DSL,Two year,yes,Electronic check,95,6689.62,no
Female,1,3,yes,No,Two year,yes,Electronic check,25.08,77.2,no
Female,0,49,yes,DSL,Month-to-month,no,Credit card,103.84,5307.47,no
